,WT,GM60,GM76,GM1,GM74,GM29,GM34,GM23,GM72,GM22,GM19,GM36,GM71,GM35,GM21,GM18,GM79,GM8,GM57,GM13,GM20,GM54,GM55,GM33,GM12,GM16,GM50,GM9,GM15,GM11,GM77,GM4,GM14,GM43,GM7,GM3,GM6
1,D,D,D,D,D,D,D,D,D,D,D,D,D,D,D,D,D,V,D,E,D,D,D,D,D,D,D,D,D,D,D,D,D,D,D,D,D
2,A,A,A,A,A,S,A,A,A,A,A,A,A,A,A,A,A,A,A,A,A,A,A,A,A,A,A,A,A,A,A,A,A,A,A,A,A
3,E,E,E,E,E,E,E,E,A,E,E,E,E,E,E,E,E,E,E,E,E,E,E,E,E,E,E,E,E,E,E,E,E,E,E,E,E
4,F,F,F,F,F,F,F,F,L,F,F,F,F,F,F,F,F,F,F,F,F,F,F,F,F,I,F,F,F,F,F,F,F,C,F,F,F
5,R,R,R,R,S,R,R,R,R,R,R,R,R,R,R,R,R,R,R,R,R,R,R,R,R,R,R,R,R,R,R,R,R,R,R,R,R
6,H,H,H,H,H,H,H,H,H,H,H,H,H,L,H,H,H,H,H,H,H,H,H,H,H,H,H,R,H,Q,H,H,H,Q,H,H,H
7,D,D,D,D,D,D,D,D,D,D,D,D,D,D,D,D,D,D,D,D,D,D,D,D,D,D,D,D,D,D,D,D,D,D,D,D,D
8,S,S,S,S,S,S,S,S,S,S,S,S,Y,S,S,S,S,S,S,S,S,S,S,S,S,P,S,S,S,S,S,S,S,S,S,S,S
9,G,G,G,G,G,G,G,G,G,G,G,G,G,G,G,G,G,G,G,G,G,G,G,G,G,G,G,G,G,G,G,G,G,G,G,G,G
10,Y,Y,Y,Y,Y,Y,Y,Y,Y,Y,Y,Y,Y,Y,Y,Y,Y,Y,Y,Y,Y,Y,Y,Y,Y,Y,Y,Y,Y,Y,Y,Y,Y,Y,Y,Y,Y
11,E,E,E,E,E,E,E,E,E,E,E,E,E,E,E,E,E,E,E,E,E,E,E,E,E,E,E,E,E,E,E,E,E,E,E,E,E
12,V,E,V,V,V,V,V,V,V,V,V,V,V,V,V,V,V,V,L,V,V,V,V,V,V,V,V,V,V,V,V,V,V,V,A,E,V
13,H,H,H,H,H,H,H,H,H,H,H,H,H,H,H,H,H,H,H,H,H,H,H,H,H,H,Q,H,R,H,H,H,H,H,H,H,H
14,H,H,H,H,H,H,H,H,H,H,H,H,H,H,H,H,H,H,H,H,H,H,H,H,H,H,H,H,H,H,H,H,H,H,H,H,H
15,Q,Q,Q,Q,Q,Q,Q,Q,Q,Q,Q,Q,Q,Q,Q,Q,Q,Q,Q,Q,Q,Q,Q,Q,Q,Q,Q,Q,Q,Q,Q,Q,Q,Q,Q,Q,Q
16,K,K,K,K,K,K,K,K,K,K,K,K,K,K,K,K,K,K,K,K,K,K,K,K,K,K,K,K,K,K,K,K,K,K,K,K,K
17,L,L,L,L,P,L,L,L,L,E,L,Q,L,L,L,L,L,L,L,L,L,L,L,L,L,L,L,L,L,L,L,L,P,L,L,L,L
18,V,V,A,V,V,V,V,V,V,V,V,V,P,V,V,V,V,V,V,V,V,V,V,V,V,V,V,V,V,V,V,V,V,V,V,E,V
19,F,T,L,F,F,F,F,F,L,F,S,F,F,F,F,F,V,F,S,F,F,S,F,F,F,F,F,S,F,F,L,F,L,F,F,F,S
20,F,F,F,F,F,F,F,F,F,F,F,F,F,F,F,F,F,F,F,F,F,F,F,F,F,F,F,F,F,F,F,F,F,F,F,F,F
21,A,A,A,A,A,A,A,A,A,A,A,A,A,A,A,A,A,A,A,A,A,A,A,A,A,A,A,A,A,A,A,A,A,A,A,A,A
22,E,E,E,E,E,E,E,E,E,E,E,E,Q,E,E,E,E,E,E,E,E,E,E,E,E,E,E,E,E,E,E,E,E,E,E,E,E
23,D,D,D,D,D,D,D,D,D,D,D,D,D,D,D,D,D,D,D,D,D,D,D,D,D,D,D,D,D,D,D,D,D,D,D,D,D
24,V,V,V,V,V,V,V,V,V,V,V,V,V,V,V,V,V,V,V,G,V,V,V,V,V,A,V,V,V,A,V,V,V,V,V,V,V
25,G,G,G,G,G,G,G,G,G,G,G,G,G,G,G,G,G,G,G,G,G,G,G,G,G,G,G,G,G,G,G,G,G,G,G,G,G
26,S,S,S,S,S,S,S,S,S,S,S,S,S,S,S,S,S,S,F,S,S,S,S,S,S,S,S,P,S,S,S,S,S,S,S,S,S
27,N,N,N,N,N,N,N,N,N,N,N,N,N,N,N,N,N,N,N,N,N,N,N,N,N,N,N,N,N,N,N,N,N,N,N,N,N
28,K,K,K,K,K,K,K,K,K,K,K,K,K,K,K,K,K,K,K,K,K,K,K,K,K,K,K,K,K,K,K,K,K,K,K,K,K
29,G,G,G,G,G,G,G,G,G,G,G,G,G,G,G,G,G,G,G,G,G,G,G,G,G,G,G,G,G,G,G,G,G,G,G,G,G
30,A,A,A,A,A,A,A,A,A,A,A,A,P,A,A,A,A,A,A,A,A,A,A,A,A,A,A,A,A,A,A,A,A,A,A,A,A
31,I,I,I,I,I,I,I,N,I,I,I,I,L,I,I,I,I,T,I,I,I,I,I,I,I,I,I,I,I,I,I,I,I,I,I,I,I
32,I,I,I,S,I,I,I,I,T,I,I,I,I,I,V,I,I,I,I,I,V,T,I,I,N,I,I,I,I,M,I,I,I,I,T,I,I
33,G,G,G,G,G,G,G,G,G,G,G,G,G,G,G,G,G,G,G,G,G,G,G,G,G,G,G,G,G,G,G,G,G,G,G,G,G
34,L,L,L,L,L,L,L,L,L,L,L,L,L,L,L,P,Q,L,L,P,P,L,L,P,L,P,P,L,P,L,R,P,L,P,P,L,P
35,M,M,M,M,M,M,M,M,R,M,M,M,M,M,M,M,M,M,M,M,M,M,R,M,M,M,I,M,M,M,M,K,M,M,M,T,M
36,V,V,V,V,V,V,E,V,V,V,V,V,V,V,V,V,V,E,V,V,V,V,E,V,A,V,V,V,P,G,V,V,V,V,V,V,V
37,G,G,G,G,G,G,G,G,G,G,G,G,G,G,G,G,G,G,G,G,G,S,G,G,G,G,G,G,G,G,G,G,G,G,G,G,G
38,G,G,G,G,G,G,G,G,G,G,G,G,G,D,G,G,G,G,G,G,G,G,G,G,G,G,G,G,G,G,G,G,G,G,G,G,G
39,V,V,V,V,V,V,V,V,V,V,V,V,V,V,V,V,V,V,V,V,V,V,V,V,V,V,V,E,V,V,V,V,A,V,V,V,V
40,V,V,V,V,V,V,V,V,V,V,V,V,V,V,V,V,V,V,L,V,V,V,V,V,V,V,V,V,V,V,E,V,V,V,V,V,V
41,I,I,I,I,I,I,I,I,I,I,I,I,I,I,I,I,V,I,I,I,I,I,I,I,I,I,T,I,I,I,T,V,I,I,I,N,I
42,A,E,A,A,A,A,A,A,A,A,A,A,A,A,A,A,A,A,A,A,A,A,A,S,A,A,A,A,A,A,A,A,A,A,A,A,A